{
  "0.074734": [
    {
      "acc1": 0.135186,
      "loss": 3.835576
    }
  ],
  "0.148132": [
    {
      "acc1": 0.148141,
      "loss": 3.381941
    }
  ],
  "0.220622": [
    {
      "acc1": 0.160898,
      "loss": 3.147482
    }
  ],
  "0.290276": [
    {
      "acc1": 0.230024,
      "loss": 2.455758
    }
  ],
  "0.356524": [
    {
      "acc1": 0.275613,
      "loss": 2.115955
    }
  ],
  "0.427380": [
    {
      "acc1": 0.315665,
      "loss": 2.012406
    }
  ],
  "0.493479": [
    {
      "acc1": 0.330597,
      "loss": 2.105857
    }
  ],
  "0.558468": [
    {
      "acc1": 0.347805,
      "loss": 2.912332
    }
  ],
  "0.624114": [
    {
      "acc1": 0.350771,
      "loss": 2.080511
    }
  ],
  "0.694296": [
    {
      "acc1": 0.346222,
      "loss": 2.104862
    }
  ],
  "0.761602": [
    {
      "acc1": 0.354134,
      "loss": 2.354025
    }
  ],
  "0.828376": [
    {
      "acc1": 0.381922,
      "loss": 2.128413
    }
  ],
  "0.894182": [
    {
      "acc1": 0.359672,
      "loss": 2.086392
    }
  ],
  "0.959487": [
    {
      "acc1": 0.377472,
      "loss": 2.38447
    }
  ],
  "1.025168": [
    {
      "acc1": 0.417128,
      "loss": 2.111484
    }
  ],
  "1.092229": [
    {
      "acc1": 0.396559,
      "loss": 2.706723
    }
  ],
  "1.158241": [
    {
      "acc1": 0.360364,
      "loss": 2.193588
    }
  ],
  "1.224633": [
    {
      "acc1": 0.443335,
      "loss": 1.914224
    }
  ],
  "1.290673": [
    {
      "acc1": 0.40002,
      "loss": 2.316155
    }
  ],
  "1.357542": [
    {
      "acc1": 0.422369,
      "loss": 1.988749
    }
  ],
  "1.424000": [
    {
      "acc1": 0.468157,
      "loss": 2.033289
    }
  ],
  "1.490382": [
    {
      "acc1": 0.403481,
      "loss": 2.181881
    }
  ],
  "1.557608": [
    {
      "acc1": 0.399723,
      "loss": 2.242759
    }
  ],
  "1.625344": [
    {
      "acc1": 0.397745,
      "loss": 2.332487
    }
  ],
  "1.692459": [
    {
      "acc1": 0.41337,
      "loss": 2.151801
    }
  ],
  "1.760080": [
    {
      "acc1": 0.430083,
      "loss": 1.853714
    }
  ],
  "1.826677": [
    {
      "acc1": 0.468256,
      "loss": 2.578659
    }
  ],
  "1.893550": [
    {
      "acc1": 0.452037,
      "loss": 2.203768
    }
  ],
  "1.960499": [
    {
      "acc1": 0.429984,
      "loss": 1.92345
    }
  ],
  "2.027374": [
    {
      "acc1": 0.474288,
      "loss": 2.244389
    }
  ],
  "2.094451": [
    {
      "acc1": 0.41426,
      "loss": 2.11322
    }
  ],
  "2.161001": [
    {
      "acc1": 0.44551,
      "loss": 1.755073
    }
  ],
  "2.227548": [
    {
      "acc1": 0.468849,
      "loss": 1.707402
    }
  ],
  "2.294415": [
    {
      "acc1": 0.445411,
      "loss": 1.974551
    }
  ],
  "2.361818": [
    {
      "acc1": 0.431369,
      "loss": 2.276349
    }
  ],
  "2.428442": [
    {
      "acc1": 0.46252,
      "loss": 2.690801
    }
  ],
  "2.494864": [
    {
      "acc1": 0.4732,
      "loss": 1.797586
    }
  ],
  "2.562038": [
    {
      "acc1": 0.468453,
      "loss": 1.914975
    }
  ],
  "2.629110": [
    {
      "acc1": 0.461432,
      "loss": 1.759193
    }
  ],
  "2.696443": [
    {
      "acc1": 0.4554,
      "loss": 2.064785
    }
  ],
  "2.763058": [
    {
      "acc1": 0.501483,
      "loss": 1.868481
    }
  ],
  "2.829804": [
    {
      "acc1": 0.466377,
      "loss": 2.097372
    }
  ],
  "2.896892": [
    {
      "acc1": 0.43394,
      "loss": 2.589708
    }
  ],
  "2.964265": [
    {
      "acc1": 0.491792,
      "loss": 1.766974
    }
  ],
  "3.031039": [
    {
      "acc1": 0.485265,
      "loss": 2.062378
    }
  ],
  "3.098188": [
    {
      "acc1": 0.496044,
      "loss": 1.801111
    }
  ],
  "3.170696": [
    {
      "acc1": 0.442939,
      "loss": 2.167499
    }
  ],
  "3.237662": [
    {
      "acc1": 0.506329,
      "loss": 1.780231
    }
  ],
  "3.305088": [
    {
      "acc1": 0.493473,
      "loss": 1.850855
    }
  ],
  "3.372817": [
    {
      "acc1": 0.44551,
      "loss": 1.921006
    }
  ],
  "3.444073": [
    {
      "acc1": 0.47765,
      "loss": 2.825001
    }
  ],
  "3.511127": [
    {
      "acc1": 0.483287,
      "loss": 1.903826
    }
  ],
  "3.578279": [
    {
      "acc1": 0.514537,
      "loss": 2.075897
    }
  ],
  "3.645269": [
    {
      "acc1": 0.464003,
      "loss": 2.0239
    }
  ],
  "3.712112": [
    {
      "acc1": 0.469047,
      "loss": 2.176847
    }
  ],
  "3.779107": [
    {
      "acc1": 0.499703,
      "loss": 1.930795
    }
  ],
  "3.847920": [
    {
      "acc1": 0.474881,
      "loss": 2.273251
    }
  ],
  "3.915771": [
    {
      "acc1": 0.496044,
      "loss": 2.010168
    }
  ],
  "3.983456": [
    {
      "acc1": 0.509691,
      "loss": 1.830878
    }
  ],
  "4.051711": [
    {
      "acc1": 0.492089,
      "loss": 2.087596
    }
  ],
  "4.119909": [
    {
      "acc1": 0.534019,
      "loss": 1.708438
    }
  ],
  "4.187860": [
    {
      "acc1": 0.5089,
      "loss": 1.858521
    }
  ],
  "4.255428": [
    {
      "acc1": 0.514636,
      "loss": 1.808263
    }
  ],
  "4.322664": [
    {
      "acc1": 0.50356,
      "loss": 1.878058
    }
  ],
  "4.389912": [
    {
      "acc1": 0.463706,
      "loss": 2.200097
    }
  ],
  "4.456763": [
    {
      "acc1": 0.451543,
      "loss": 3.909868
    }
  ],
  "4.524200": [
    {
      "acc1": 0.512362,
      "loss": 1.692834
    }
  ],
  "4.591589": [
    {
      "acc1": 0.529569,
      "loss": 1.996326
    }
  ],
  "4.658953": [
    {
      "acc1": 0.473002,
      "loss": 1.923842
    }
  ],
  "4.725889": [
    {
      "acc1": 0.554589,
      "loss": 1.58403
    }
  ],
  "4.797180": [
    {
      "acc1": 0.483979,
      "loss": 2.210561
    }
  ],
  "4.864413": [
    {
      "acc1": 0.492188,
      "loss": 2.20273
    }
  ],
  "4.931596": [
    {
      "acc1": 0.504153,
      "loss": 1.703076
    }
  ],
  "4.999588": [
    {
      "acc1": 0.490902,
      "loss": 2.07797
    }
  ],
  "5.066975": [
    {
      "acc1": 0.492583,
      "loss": 1.968285
    }
  ],
  "5.134634": [
    {
      "acc1": 0.541634,
      "loss": 2.164475
    }
  ],
  "5.202197": [
    {
      "acc1": 0.522943,
      "loss": 1.892682
    }
  ],
  "5.269211": [
    {
      "acc1": 0.497923,
      "loss": 1.678974
    }
  ],
  "5.335867": [
    {
      "acc1": 0.521954,
      "loss": 1.701274
    }
  ],
  "5.402776": [
    {
      "acc1": 0.542326,
      "loss": 1.970282
    }
  ],
  "5.470297": [
    {
      "acc1": 0.551919,
      "loss": 1.695008
    }
  ],
  "5.537313": [
    {
      "acc1": 0.49555,
      "loss": 1.766045
    }
  ],
  "5.604867": [
    {
      "acc1": 0.514537,
      "loss": 1.664497
    }
  ],
  "5.672058": [
    {
      "acc1": 0.488133,
      "loss": 2.139732
    }
  ],
  "5.739167": [
    {
      "acc1": 0.47765,
      "loss": 2.290368
    }
  ],
  "5.806144": [
    {
      "acc1": 0.524229,
      "loss": 2.016875
    }
  ],
  "5.873838": [
    {
      "acc1": 0.514735,
      "loss": 2.161713
    }
  ],
  "5.940858": [
    {
      "acc1": 0.5179,
      "loss": 2.147295
    }
  ],
  "6.013761": [
    {
      "acc1": 0.549545,
      "loss": 1.576879
    }
  ],
  "6.083474": [
    {
      "acc1": 0.514339,
      "loss": 1.837203
    }
  ],
  "6.150750": [
    {
      "acc1": 0.503857,
      "loss": 1.706893
    }
  ],
  "6.218552": [
    {
      "acc1": 0.523141,
      "loss": 1.706019
    }
  ],
  "6.290990": [
    {
      "acc1": 0.526701,
      "loss": 1.820442
    }
  ],
  "6.358191": [
    {
      "acc1": 0.508307,
      "loss": 1.815983
    }
  ],
  "6.430574": [
    {
      "acc1": 0.545886,
      "loss": 1.54182
    }
  ],
  "6.498065": [
    {
      "acc1": 0.522251,
      "loss": 1.496125
    }
  ],
  "6.565765": [
    {
      "acc1": 0.546381,
      "loss": 1.963569
    }
  ],
  "6.633360": [
    {
      "acc1": 0.508801,
      "loss": 1.872645
    }
  ],
  "6.700907": [
    {
      "acc1": 0.523536,
      "loss": 1.789953
    }
  ],
  "6.768669": [
    {
      "acc1": 0.564676,
      "loss": 2.13304
    }
  ],