{
  "0.377640": [
    {
      "acc1": 0.519269,
      "loss": 1.334099
    }
  ],
  "0.757818": [
    {
      "acc1": 0.633287,
      "loss": 1.078304
    }
  ],
  "1.137149": [
    {
      "acc1": 0.659046,
      "loss": 1.025129
    }
  ],
  "1.513827": [
    {
      "acc1": 0.725739,
      "loss": 0.825024
    }
  ],
  "1.890506": [
    {
      "acc1": 0.772065,
      "loss": 0.677117
    }
  ],
  "2.266285": [
    {
      "acc1": 0.754493,
      "loss": 0.732704
    }
  ],
  "2.642612": [
    {
      "acc1": 0.770667,
      "loss": 0.692174
    }
  ],
  "3.021389": [
    {
      "acc1": 0.792133,
      "loss": 0.610978
    }
  ],
  "3.400827": [
    {
      "acc1": 0.795627,
      "loss": 0.643132
    }
  ],
  "3.779700": [
    {
      "acc1": 0.802815,
      "loss": 0.584791
    }
  ],
  "4.158221": [
    {
      "acc1": 0.795028,
      "loss": 0.629572
    }
  ],
  "4.537011": [
    {
      "acc1": 0.82528,
      "loss": 0.53445
    }
  ],
  "4.915317": [
    {
      "acc1": 0.816593,
      "loss": 0.591097
    }
  ],
  "5.293439": [
    {
      "acc1": 0.83147,
      "loss": 0.50934
    }
  ],
  "5.672571": [
    {
      "acc1": 0.822384,
      "loss": 0.551337
    }
  ],
  "6.051213": [
    {
      "acc1": 0.835164,
      "loss": 0.503771
    }
  ],
  "6.429465": [
    {
      "acc1": 0.850639,
      "loss": 0.46191
    }
  ],
  "6.808942": [
    {
      "acc1": 0.848243,
      "loss": 0.465511
    }
  ],
  "7.186292": [
    {
      "acc1": 0.847344,
      "loss": 0.478998
    }
  ],
  "7.565135": [
    {
      "acc1": 0.841254,
      "loss": 0.507502
    }
  ],
  "7.941116": [
    {
      "acc1": 0.848642,
      "loss": 0.484252
    }
  ],
  "8.318458": [
    {
      "acc1": 0.832368,
      "loss": 0.540031
    }
  ],
  "8.696584": [
    {
      "acc1": 0.849141,
      "loss": 0.493289
    }
  ],
  "9.073235": [
    {
      "acc1": 0.844748,
      "loss": 0.507629
    }
  ],
  "9.451070": [
    {
      "acc1": 0.841554,
      "loss": 0.517185
    }
  ],
  "9.826853": [
    {
      "acc1": 0.850839,
      "loss": 0.499922
    }
  ],
  "10.206145": [
    {
      "acc1": 0.857628,
      "loss": 0.477452
    }
  ],
  "10.585741": [
    {
      "acc1": 0.862021,
      "loss": 0.442853
    }
  ],
  "10.965110": [
    {
      "acc1": 0.870108,
      "loss": 0.427418
    }
  ],
  "11.345203": [
    {
      "acc1": 0.872404,
      "loss": 0.440065
    }
  ],
  "11.725165": [
    {
      "acc1": 0.868411,
      "loss": 0.439677
    }
  ],
  "12.104758": [
    {
      "acc1": 0.880391,
      "loss": 0.421207
    }
  ],
  "12.484166": [
    {
      "acc1": 0.869309,
      "loss": 0.462325
    }
  ],
  "12.863323": [
    {
      "acc1": 0.882688,
      "loss": 0.415459
    }
  ],
  "13.242437": [
    {
      "acc1": 0.883387,
      "loss": 0.42477
    }
  ],
  "13.621964": [
    {
      "acc1": 0.886681,
      "loss": 0.411025
    }
  ],
  "14.001783": [
    {
      "acc1": 0.883886,
      "loss": 0.433287
    }
  ],
  "14.380521": [
    {
      "acc1": 0.890076,
      "loss": 0.399501
    }
  ],
  "14.759903": [
    {
      "acc1": 0.892173,
      "loss": 0.404486
    }
  ],
  "15.139020": [
    {
      "acc1": 0.891573,
      "loss": 0.396935
    }
  ],
  "15.518270": [
    {
      "acc1": 0.894569,
      "loss": 0.380285
    }
  ],
  "15.897272": [
    {
      "acc1": 0.896466,
      "loss": 0.391179
    }
  ],
  "16.276507": [
    {
      "acc1": 0.895567,
      "loss": 0.381151
    }
  ],
  "16.655960": [
    {
      "acc1": 0.898962,
      "loss": 0.376109
    }
  ],
  "17.034996": [
    {
      "acc1": 0.895867,
      "loss": 0.366391
    }
  ],
  "17.415294": [
    {
      "acc1": 0.898862,
      "loss": 0.36121
    }
  ],
  "17.794641": [
    {
      "acc1": 0.897863,
      "loss": 0.35251
    }
  ],
  "18.174402": [
    {
      "acc1": 0.897863,
      "loss": 0.355464
    }
  ],
  "18.554022": [
    {
      "acc1": 0.897664,
      "loss": 0.350714
    }
  ],
  "18.933651": [
    {
      "acc1": 0.89986,
      "loss": 0.335594
    }
  ]
}